ONTOLOGY	ID	Description	setSize	enrichmentScore	NES	pvalue	p.adjust	qvalue	rank	leading_edge	core_enrichment
BP	GO:0045165	cell fate commitment	231	0.514696459954921	2.01407763172242	2.94394712626181e-10	2.3242462561837e-06	2.26683928722159e-06	3181	tags=31%, list=13%, signal=27%	TBX5/EBF2/MYT1L/OLIG3/ASCL1/NKX2-5/WNT8A/TBX3/SOX1/GATA2/GDF7/WNT10B/PROX1/DBX1/DLL1/NODAL/GDF3/NFIA/TBX1/OLIG2/MESP1/IL6R/KLF4/FGF10/EYA1/NR2F2/EPOP/MEF2C/POU3F2/HES5/WNT7A/TBX15/WNT3/WNT5A/PPARG/FOXC2/ONECUT1/WNT1/GAP43/GATA4/GATA5/CHD3/ISL2/SOX18/SOX9/APC2/ERBB4/DLL4/WNT5B/PDPN/JAG1/PAX2/OLIG1/KDR/LMO4/HEY2/TBX22/ZFPM1/POU4F1/ETS2/ID2/WNT7B/GAS1/SOSTDC1/TENM4/FGF8/CDC42/GBX1/PRDM1/SPRY2/BCL11B/FOXN4
BP	GO:0001708	cell fate specification	85	0.627432985872321	2.167047817165	3.94962818056443e-08	0.000155911572427781	0.000152060684951731	2422	tags=29%, list=10%, signal=27%	TBX5/MYT1L/OLIG3/ASCL1/TBX3/SOX1/DBX1/DLL1/NODAL/NFIA/TBX1/OLIG2/MESP1/EYA1/POU3F2/TBX15/CHD3/ISL2/SOX18/SOX9/APC2/PAX2/LMO4/TBX22/POU4F1
BP	GO:0021510	spinal cord development	85	0.588262458172056	2.03175941432139	1.8494592542141e-06	0.00182518510150254	0.00178010453218107	3181	tags=28%, list=13%, signal=25%	OLIG3/ASCL1/NEUROG3/PHOX2A/SOX1/GATA2/GDF7/NEFL/PROX1/DBX1/DLL1/OLIG2/LHX1/GDNF/FOXB1/WNT1/ISL2/DLL4/LMO4/SOX11/GBX1/MDGA2/PBX3/FOXN4
BP	GO:0019646	aerobic electron transport chain	86	0.584351585463412	2.01820035219519	1.64522266463711e-06	0.00182518510150254	0.00178010453218107	8526	tags=71%, list=34%, signal=47%	MTCO2P12/MT-ND3/NDUFB1/NDUFA3/PINK1/UQCRFS1P1/DNAJC15/NDUFA1/MT-CO2/COX5B/MT-CYB/MT-CO3/MT-ND4/MT-ND4L/MT-ND2/NDUFB4/UQCR10/MT-ND1/COX6B1/COX7B/NDUFV2/MT-ND5/COX6C/NDUFA2/NDUFS5/NDUFB7/NDUFS4/NDUFS6/NDUFB2/UQCRB/MT-ND6/NDUFA8/NDUFB3/NDUFA7/MT-CO1/NDUFA6/COX7A2/SLC25A51/UQCRH/COX5A/NDUFS3/COX8C/NDUFB10/NDUFV3/NDUFA4/SNCA/NDUFAB1/NDUFAF1/NDUFA5/NDUFA9/NDUFB9/NDUFC1/COX7C/ISCU/NDUFB8/UQCC3/UQCRHL/NDUFS2/NDUFS8/NDUFC2/UQCRFS1
BP	GO:0042773	ATP synthesis coupled electron transport	94	0.573439331641931	2.01639981731544	1.40573262231238e-06	0.00182518510150254	0.00178010453218107	8526	tags=67%, list=34%, signal=44%	MTCO2P12/MT-ND3/NDUFB1/NDUFA3/PINK1/UQCRFS1P1/DNAJC15/NDUFA1/CHCHD2/MT-CO2/COX5B/MT-CYB/MT-CO3/MT-ND4/MT-ND4L/MT-ND2/NDUFB4/UQCR10/MT-ND1/COX6B1/COX7B/NDUFV2/MT-ND5/COX6C/NDUFA2/NDUFS5/NDUFB7/NDUFS4/NDUFS6/NDUFB2/UQCRB/MT-ND6/NDUFA8/NDUFB3/NDUFA7/MT-CO1/NDUFA6/COX7A2/NDUFA12/UQCRH/COX5A/NDUFS3/COX8C/NDUFB10/NDUFV3/COA6/NDUFA4/SNCA/NDUFAB1/NDUFAF1/NDUFA5/NDUFA9/NDUFB9/NDUFC1/COX7C/ISCU/NDUFB8/UQCC3/UQCRHL/NDUFS2/NDUFS8/NDUFC2/UQCRFS1
BP	GO:0042775	mitochondrial ATP synthesis coupled electron transport	94	0.573439331641931	2.01639981731544	1.40573262231238e-06	0.00182518510150254	0.00178010453218107	8526	tags=67%, list=34%, signal=44%	MTCO2P12/MT-ND3/NDUFB1/NDUFA3/PINK1/UQCRFS1P1/DNAJC15/NDUFA1/CHCHD2/MT-CO2/COX5B/MT-CYB/MT-CO3/MT-ND4/MT-ND4L/MT-ND2/NDUFB4/UQCR10/MT-ND1/COX6B1/COX7B/NDUFV2/MT-ND5/COX6C/NDUFA2/NDUFS5/NDUFB7/NDUFS4/NDUFS6/NDUFB2/UQCRB/MT-ND6/NDUFA8/NDUFB3/NDUFA7/MT-CO1/NDUFA6/COX7A2/NDUFA12/UQCRH/COX5A/NDUFS3/COX8C/NDUFB10/NDUFV3/COA6/NDUFA4/SNCA/NDUFAB1/NDUFAF1/NDUFA5/NDUFA9/NDUFB9/NDUFC1/COX7C/ISCU/NDUFB8/UQCC3/UQCRHL/NDUFS2/NDUFS8/NDUFC2/UQCRFS1
BP	GO:0022904	respiratory electron transport chain	110	0.549826600553801	1.96733318401723	1.75994658297491e-06	0.00182518510150254	0.00178010453218107	7598	tags=55%, list=30%, signal=39%	MTCO2P12/MT-ND3/NDUFB1/NDUFA3/PINK1/UQCRFS1P1/DNAJC15/NDUFA1/CHCHD2/MT-CO2/COX5B/PPARGC1A/MT-CYB/MT-CO3/MT-ND4/MT-ND4L/MT-ND2/NDUFB4/UQCR10/MT-ND1/GBA1/COX6B1/COX7B/NDUFV2/MT-ND5/COX6C/NDUFA2/NDUFS5/NDUFB7/NDUFS4/NDUFS6/NDUFB2/ETFB/UQCRB/MT-ND6/NDUFA8/AIFM2/NDUFB3/NDUFA7/MT-CO1/NDUFA6/COX7A2/NDUFA12/SLC25A51/UQCRH/COX5A/NDUFS3/ETFRF1/COX8C/NDUFB10/NDUFV3/COA6/NDUFA4/SNCA/NDUFAB1/NDUFAF1/NDUFA5/NDUFA9/NDUFB9/NDUFC1/COX7C
BP	GO:0006119	oxidative phosphorylation	142	0.51069603146546	1.89690207970825	1.01884474826823e-06	0.00182518510150254	0.00178010453218107	7471	tags=49%, list=30%, signal=34%	MTCO2P12/MT-ND3/MT-ATP8/NDUFB1/NDUFA3/ATP5ME/PINK1/ATP5F1EP2/UQCRFS1P1/DNAJC15/NDUFA1/CHCHD2/MT-CO2/COX5B/MT-CYB/CHCHD10/NUPR1/MT-CO3/MT-ND4/MT-ND4L/MT-ND2/NDUFB4/ATP5IF1/UQCR10/MT-ND1/COX6B1/COX7B/NDUFV2/MT-ND5/COX6C/NDUFA2/NDUFS5/NDUFB7/NDUFS4/MT-ATP6/NDUFS6/NDUFB2/ATP5PD/UQCRB/MT-ND6/NDUFA8/NDUFB3/NDUFA7/MT-CO1/NDUFA6/COX7A2/ATP5MF/NDUFB11/NDUFA12/SLC25A51/NIPSNAP2/UQCRH/COX5A/NDUFS3/COX8C/NDUFB10/NDUFV3/COA6/NDUFA4/ANTKMT/ATP5PF/SNCA/NDUFAB1/MLXIPL/NDUFAF1/NDUFA5/NDUFA9/NDUFB9/NDUFC1
MF	GO:0015453	oxidoreduction-driven active transmembrane transporter activity	66	0.628047667398838	2.08602362714258	2.172656327149e-06	0.00190590241142682	0.00185882819100526	6569	tags=61%, list=26%, signal=45%	MTCO2P12/MT-ND3/NDUFB1/NDUFA3/UQCRFS1P1/NDUFA1/MT-CO2/COX5B/MT-CYB/MT-CO3/MT-ND4/MT-ND4L/MT-ND2/NDUFB4/UQCR10/MT-ND1/COX6B1/COX7B/NDUFV2/MT-ND5/NDUFA2/NDUFS5/NDUFB7/NDUFS4/NDUFS6/NDUFB2/MT-ND6/NDUFA8/NNT/NDUFB3/NDUFA7/MT-CO1/NDUFA6/NDUFA12/UQCRH/COX5A/NDUFS3/NDUFB10/NDUFV3/NDUFA4
CC	GO:0030017	sarcomere	185	-0.476457433671299	-1.81825305745366	3.88932250046468e-06	0.00307062011411687	0.00299477832535781	3638	tags=24%, list=15%, signal=20%	LMAN1/SYNC/SLC2A1/LMOD1/JPH1/PARVB/TNNI3/SCN5A/SYNPO/TRIM54/SCN1A/MYZAP/MYBPC2/ACTC1/NEBL/FBP2/MYH6/PDLIM2/CACNA1D/UNC45B/XIRP2/SLC4A1/MYOM3/JPH2/PDLIM1/PDLIM3/ASB2/TNNI1/HRC/SYNPO2/KRT19/NRAP/TNNC1/SMTNL1/RYR2/PDE4B/STYXL2/MYL3/CRYAB/MYL7/MYH2/MYL9/TTN/ACTA1
BP	GO:0021515	cell differentiation in spinal cord	39	0.687388949321159	2.06056442404533	8.76015852429571e-06	0.00469832095594467	0.00458227629648815	3181	tags=41%, list=13%, signal=36%	OLIG3/ASCL1/PHOX2A/SOX1/GATA2/GDF7/DBX1/OLIG2/LHX1/WNT1/ISL2/DLL4/LMO4/GBX1/MDGA2/FOXN4
BP	GO:0021548	pons development	10	0.915563458479543	1.98956867270357	8.72303920851479e-06	0.00469832095594467	0.00458227629648815	412	tags=40%, list=2%, signal=39%	ASCL1/HOXB1/PHOX2A/CDK5R2
CC	GO:0030016	myofibril	205	-0.451844468265141	-1.74174259954621	7.04050664922763e-06	0.00469832095594467	0.00458227629648815	3638	tags=22%, list=15%, signal=19%	LMAN1/SYNC/SLC2A1/LMOD1/JPH1/PARVB/TNNI3/SCN5A/SYNPO/TRIM54/SCN1A/MYZAP/MYBPC2/ACTC1/MYOD1/NEBL/FBP2/MYH6/PDLIM2/CACNA1D/UNC45B/XIRP2/SLC4A1/MYOM3/JPH2/PDLIM1/PDLIM3/ASB2/TNNI1/HRC/SYNPO2/KRT19/NRAP/TNNC1/SMTNL1/RYR2/PDE4B/STYXL2/MYL3/CRYAB/MYL7/MYH2/MYL9/TTN/ACTA1
MF	GO:0001228	DNA-binding transcription activator activity, RNA polymerase II-specific	394	0.380849564229545	1.55948768293736	8.92651226588601e-06	0.00469832095594467	0.00458227629648815	4036	tags=23%, list=16%, signal=19%	TBX5/EBF2/NKX2-5/HOXC4/TLX1/NEUROG3/HOXB1/PHOX2A/FOXD2/TBX3/SOX1/LEF1/PAX5/ESR1/GATA2/RFX4/IRX4/GRHL3/ALX1/NFIA/MESP1/KLF4/FOSL1/MEIS1/CEBPB/TP63/HOXC13/ASCL2/NR4A3/MEF2B/MEF2C/ZIC3/MECOM/POU3F2/DDIT3/BARX2/RUNX1/MAFB/FOXC1/PAX8/IRX6/PPARG/FOXC2/ONECUT1/GATA4/VENTX/SOX18/DLX3/SOX9/TFAP2C/MIXL1/JUND/ATF3/ZBTB16/FOS/SOX21/NFATC1/POU4F1/TFAP2E/CEBPA/FOXL2/GBX2/HHEX/MAF/SATB2/JUNB/SOX11/NRL/NR5A2/FOXF2/BCL11B/PBX3/SMAD3/RORB/NR3C1/PBX1/NKRF/ZBTB7B/PRDM16/SOX2/CEBPD/FOXA1/SCX/HNF4G/MYF6/NHLH1/MEF2A/NFE2L2/YY2/ETV4
BP	GO:0007389	pattern specification process	397	0.376217466284749	1.54223725763029	7.92605983801278e-06	0.00469832095594467	0.00458227629648815	3385	tags=22%, list=14%, signal=19%	TBX5/ASCL1/NKX3-2/NKX2-5/HOXC4/IRX1/WNT8A/TSHZ1/HOXB1/TBX3/SOX1/IRX2/LEF1/IRX4/DBX1/DLL1/GRHL3/NODAL/SP8/GDF3/TBX1/MESP1/HES4/FGF10/MEIS1/EYA1/TP63/HOXC13/FST/OSR1/NR2F2/MEF2C/ZIC3/LHX1/HES5/DDIT3/HES2/WNT7A/MAFB/WNT3/FOXC1/PAX8/WNT5A/GDNF/PCDH8/FOXC2/TLL2/FOXB1/WNT1/HES7/GATA4/GATA5/SEMA3C/HES3/SOX18/APC2/ERBB4/DLL4/ZBTB16/PAX2/NRG3/PLXNA2/BBS5/ZEB1/PLD6/HEY2/SMARCD3/WLS/ETS2/GBX2/HHEX/AXIN2/WNT7B/MSX2/SOSTDC1/SATB2/EFNB1/FGF8/LRP4/BMP5/PBX3/FOXN4/SMAD3/BMP7/GREM2/NRARP/PBX1
BP	GO:0006120	mitochondrial electron transport, NADH to ubiquinone	49	0.632646014401122	1.98675764480665	1.59672916836069e-05	0.00632165847726849	0.00616551871753862	8433	tags=82%, list=34%, signal=54%	MT-ND3/NDUFB1/NDUFA3/PINK1/DNAJC15/NDUFA1/MT-ND4/MT-ND4L/MT-ND2/NDUFB4/MT-ND1/NDUFV2/MT-ND5/NDUFA2/NDUFS5/NDUFB7/NDUFS4/NDUFS6/NDUFB2/MT-ND6/NDUFA8/NDUFB3/NDUFA7/NDUFA6/NDUFS3/NDUFB10/NDUFV3/NDUFA4/SNCA/NDUFAB1/NDUFAF1/NDUFA5/NDUFA9/NDUFB9/NDUFC1/ISCU/NDUFB8/NDUFS2/NDUFS8/NDUFC2
BP	GO:0022900	electron transport chain	119	0.512961673406389	1.86299449316095	1.60143343312691e-05	0.00632165847726849	0.00616551871753862	7471	tags=51%, list=30%, signal=36%	MTCO2P12/MT-ND3/NDUFB1/NDUFA3/PINK1/UQCRFS1P1/DNAJC15/NDUFA1/CHCHD2/MT-CO2/COX5B/PPARGC1A/MT-CYB/MT-CO3/MT-ND4/MT-ND4L/MT-ND2/DHRS2/NDUFB4/UQCR10/MT-ND1/GBA1/COX6B1/COX7B/NDUFV2/MT-ND5/COX6C/NDUFA2/NDUFS5/NDUFB7/NDUFS4/NDUFS6/NDUFB2/ETFB/UQCRB/MT-ND6/NDUFA8/AIFM2/NDUFB3/NDUFA7/MT-CO1/NDUFA6/COX7A2/NDUFA12/SLC25A51/UQCRH/COX5A/NDUFS3/ETFRF1/COX8C/NDUFB10/NDUFV3/COA6/NDUFA4/SNCA/NDUFAB1/NDUFAF1/NDUFA5/NDUFA9/NDUFB9/NDUFC1
BP	GO:0009060	aerobic respiration	190	0.456369212365209	1.75095584263607	1.34827922433246e-05	0.00632165847726849	0.00616551871753862	7630	tags=44%, list=31%, signal=31%	MTCO2P12/MT-ND3/MT-ATP8/UCN/NDUFB1/NDUFA3/ATP5ME/NDP/PINK1/ATP5F1EP2/UQCRFS1P1/SLC25A14/DNAJC15/NDUFA1/CHCHD2/MT-CO2/COX5B/MT-CYB/CHCHD10/NUPR1/MT-CO3/MT-ND4/MT-ND4L/MT-ND2/NDUFB4/ATP5IF1/COL6A1/UQCR10/MT-ND1/CBFA2T3/COX6B1/COX7B/NDUFV2/MT-ND5/COX6C/NDUFA2/NDUFS5/NDUFB7/NDUFS4/MT-ATP6/NDUFS6/NDUFB2/ATP5PD/UQCRB/MT-ND6/NDUFA8/MDH1B/NNT/NDUFB3/NDUFA7/MT-CO1/NDUFA6/COX7A2/ATP5MF/NDUFB11/NDUFA12/SUCLG1/SLC25A51/NIPSNAP2/UQCRH/COX5A/KGD4/NDUFS3/COX8C/NDUFB10/NDUFV3/COA6/NDUFA4/ANTKMT/ATP5PF/SNCA/NDUFAB1/MLXIPL/PDHA1/NDUFAF1/NDUFA5/NDUFA9/ACO2/NDUFB9/NDUFC1/IDH3A/COX7C/MTFR1L
CC	GO:0043292	contractile muscle fiber	215	-0.442501187055046	-1.71247842251991	1.47341741080413e-05	0.00632165847726849	0.00616551871753862	3855	tags=22%, list=15%, signal=19%	MYH11/SLC8A1/LMAN1/SYNC/SLC2A1/LMOD1/JPH1/PARVB/TNNI3/SCN5A/SYNPO/TRIM54/SCN1A/MYZAP/MYBPC2/ACTC1/MYOD1/NEBL/FBP2/MYH6/PDLIM2/CACNA1D/UNC45B/XIRP2/SLC4A1/MYOM3/JPH2/PDLIM1/PDLIM3/ASB2/TNNI1/HRC/SYNPO2/KRT19/NRAP/TNNC1/SMTNL1/RYR2/PDE4B/STYXL2/MYL3/IDO1/CRYAB/MYL7/MYH2/MYL9/TTN/ACTA1
MF	GO:0001216	DNA-binding transcription activator activity	400	0.375314042735893	1.53980175577543	1.39355787091239e-05	0.00632165847726849	0.00616551871753862	4036	tags=22%, list=16%, signal=19%	TBX5/EBF2/NKX2-5/HOXC4/TLX1/NEUROG3/HOXB1/PHOX2A/FOXD2/TBX3/SOX1/LEF1/PAX5/ESR1/GATA2/RFX4/IRX4/GRHL3/ALX1/NFIA/MESP1/KLF4/FOSL1/MEIS1/CEBPB/TP63/HOXC13/ASCL2/NR4A3/MEF2B/MEF2C/ZIC3/MECOM/POU3F2/DDIT3/BARX2/RUNX1/MAFB/FOXC1/PAX8/IRX6/PPARG/FOXC2/ONECUT1/GATA4/VENTX/SOX18/DLX3/SOX9/TFAP2C/MIXL1/JUND/ATF3/ZBTB16/FOS/SOX21/NFATC1/POU4F1/TFAP2E/CEBPA/FOXL2/GBX2/HHEX/MAF/SATB2/JUNB/SOX11/NRL/NR5A2/FOXF2/BCL11B/PBX3/SMAD3/RORB/NR3C1/PBX1/NKRF/ZBTB7B/PRDM16/SOX2/CEBPD/FOXA1/SCX/HNF4G/MYF6/NHLH1/MEF2A/NFE2L2/YY2/ETV4
BP	GO:0097530	granulocyte migration	101	-0.543059996990175	-1.90261320331049	2.05487920736364e-05	0.00772536730577902	0.00753455709366668	3074	tags=33%, list=12%, signal=29%	IL1A/PIK3CD/THBS1/RAC2/FCER1G/CXCL6/CXCL5/TRPV4/NOD2/EDN3/XG/THBS4/BST1/ITGA1/ADAM8/CMKLR1/C5AR2/CD74/ITGB2/ANXA1/JAML/EDN1/DPEP1/PTGER4/SCG2/S100A14/PDE4B/CCL25/CCL26/VAV1/PRTN3/RIPOR2/CD300A
CC	GO:0098803	respiratory chain complex	102	0.517556605397758	1.83023155909267	2.79023801840075e-05	0.00944443179634119	0.00921116210662789	7471	tags=59%, list=30%, signal=41%	MTCO2P12/MT-ND3/MT-ATP8/NDUFB1/NDUFA3/ATP5ME/UQCRFS1P1/NDUFA1/MT-CO2/COX5B/MT-CYB/MT-CO3/MT-ND4/ATP5MJ/MT-ND4L/MT-ND2/NDUFB4/UQCR10/MT-ND1/COX6B1/COX7B/NDUFV2/MT-ND5/COX6C/NDUFA2/NDUFS5/NDUFB7/NDUFS4/MT-ATP6/NDUFS6/NDUFB2/ATP5PD/UQCRB/MT-ND6/NDUFA8/NNT/NDUFB3/NDUFA7/MT-CO1/NDUFA6/COX7A2/ATP5MF/NDUFB11/NDUFA12/UQCRH/COX5A/NDUFS3/ATP5MK/COX8C/NDUFB10/NDUFV3/NDUFA4/ATP5PF/NDUFAB1/NDUFA5/NDUFA9/STMP1/ATP5MC1/NDUFB9/NDUFC1
BP	GO:0030902	hindbrain development	146	0.479990193945499	1.78305719512209	2.8710115657022e-05	0.00944443179634119	0.00921116210662789	3630	tags=23%, list=15%, signal=19%	SKOR2/ASCL1/EN2/NEUROG3/HOXB1/PHOX2A/LEF1/GATA2/CDK5R2/PROX1/DLL1/SSTR1/LHX1/WNT7A/MAFB/FOXC1/WNT1/ATP1B2/GDF10/SLC6A4/PLXNA2/MDK/WHRN/TUBA1A/WLS/POU4F1/GBX2/KCNC1/BMP5/MT-ND4/BMP7/DAB1/GBA1
BP	GO:0007156	homophilic cell adhesion via plasma membrane adhesion molecules	154	-0.475339929389986	-1.77700319152829	2.74105431551928e-05	0.00944443179634119	0.00921116210662789	1605	tags=23%, list=6%, signal=21%	DSG3/CDH3/PCDHGA10/CDH22/PCDHB7/PCDHB15/PCDHGA11/PCDH12/PCDHGB1/CDH13/PCDHB13/PCDHB18P/PCDHGA8/PCDHA13/PCDHGA1/CDH18/PCDHB3/PCDHB9/CDH5/CDH15/FAT2/PCDHGB7/PCDH10/PCDHB16/PCDHA10/PCDHGB4/PCDHGB5/PCDHA7/PCDHB8/PCDHB12/MPZL2/PCDHA9/CNTN2/PCDHB5/PCDHA6
BP	GO:0021517	ventral spinal cord development	36	0.679049160181997	2.00112933533515	3.22306096547463e-05	0.00967512884840099	0.00943616113143605	3602	tags=42%, list=14%, signal=36%	OLIG3/ASCL1/PHOX2A/SOX1/GATA2/DBX1/OLIG2/LHX1/ISL2/DLL4/LMO4/GBX1/MDGA2/FOXN4/DAB1
MF	GO:0003954	NADH dehydrogenase activity	44	0.640385512621334	1.96172408062741	3.55387886768371e-05	0.00967512884840099	0.00943616113143605	8433	tags=86%, list=34%, signal=57%	MT-ND3/NDUFB1/NDUFA3/ENOX1/NDUFA1/MT-ND4/MT-ND4L/MT-ND2/NDUFB4/MT-ND1/NDUFV2/MT-ND5/NDUFA2/NDUFS5/NDUFB7/NDUFS4/NQO1/NDUFS6/NDUFB2/MT-ND6/NDUFA8/NDUFB3/NDUFA7/NDUFA6/NDUFA12/NDUFS3/NDUFB10/NDUFV3/NDUFA4/NDUFA5/NDUFA9/NDUFB9/NDUFC1/AIFM1/NDUFB8/NDUFS2/NDUFS8/NDUFC2
CC	GO:0030018	Z disc	118	-0.500184072856018	-1.79314686402615	3.46684678754461e-05	0.00967512884840099	0.00943616113143605	4541	tags=30%, list=18%, signal=24%	MYOZ1/FBXO32/CASQ1/FHOD3/SLC8A1/SYNC/SLC2A1/JPH1/PARVB/SCN5A/SYNPO/TRIM54/SCN1A/MYZAP/NEBL/FBP2/MYH6/PDLIM2/CACNA1D/UNC45B/XIRP2/SLC4A1/JPH2/PDLIM1/PDLIM3/ASB2/HRC/SYNPO2/KRT19/NRAP/RYR2/PDE4B/CRYAB/MYL9/TTN
MF	GO:0001227	DNA-binding transcription repressor activity, RNA polymerase II-specific	241	0.415045922746896	1.62660508803491	3.46596857379949e-05	0.00967512884840099	0.00943616113143605	5267	tags=31%, list=21%, signal=24%	MYT1L/NKX6-1/NR2F1/ASCL1/NKX3-2/HMX1/SAMD11/IRX1/HOXB13/INSM1/NEUROG3/ZFHX3/TBX3/IRX2/LEF1/FOXP2/PROX1/SCRT1/MSC/HIC1/CEBPB/ESX1/ASCL2/ZNF536/HES5/HES2/TBX15/DMBX1/PPARG/TFAP2C/ATF3/ZBTB16/FOXP4/ZEB1/HEY2/POU4F1/ETS2/HHEX/SNAI2/MSX2/FOXD3/SP5/PRDM1/OVOL1/MXD3/ZBTB33/TRPS1/NR3C1/ZBTB10/PRDM16/HES1/PURA/NANOG/MYPOP/FOXP3/MAX/JUN/MXD1/ZBTB18/POU6F1/JDP2/BCL6/ZC3H8/ZBTB2/HEY1/ERF/KCNIP3/ZBTB21/SKIL/ZEB2/ZBED6/PRDM5/SOX13/BHLHE41
MF	GO:0001217	DNA-binding transcription repressor activity	250	0.408959176915472	1.60119896892742	3.24970728551958e-05	0.00967512884840099	0.00943616113143605	5267	tags=31%, list=21%, signal=25%	MYT1L/NKX6-1/NR2F1/ASCL1/NKX3-2/HMX1/SAMD11/IRX1/HOXB13/INSM1/NEUROG3/ZFHX3/TBX3/IRX2/LEF1/FOXP2/PROX1/SCRT1/MSC/HIC1/CEBPB/ESX1/ASCL2/ZNF536/HES5/HES2/TBX15/DMBX1/PPARG/TFAP2C/ATF3/ZBTB16/FOXP4/ZEB1/HEY2/POU4F1/ETS2/HHEX/SNAI2/MSX2/FOXD3/SP5/PRDM1/OVOL1/MXD3/SMAD3/ZBTB33/TRPS1/NR3C1/ZBTB10/ZBTB7B/PRDM16/HES1/PURA/NANOG/MYPOP/FOXP3/MAX/JUN/MXD1/ZBTB18/POU6F1/JDP2/BCL6/ZC3H8/ZBTB2/HEY1/ERF/KCNIP3/ZBTB21/SKIL/ZEB2/TCF7/ZBED6/PRDM5/SOX13/BHLHE41
BP	GO:0097529	myeloid leukocyte migration	171	-0.45452099494226	-1.73125839501838	3.77103105531854e-05	0.00992409672724663	0.00967897970865093	3074	tags=25%, list=12%, signal=22%	SERPINE1/IL1A/PIK3CD/THBS1/RAC2/FCER1G/MMP28/CXCL6/CXCL5/ARHGEF5/TRPV4/NOD2/EDN3/XG/THBS4/BST1/ITGA1/ADAM8/TAFA4/TRIM55/TNFRSF11A/GREM1/CMKLR1/C5AR2/CD74/ITGB2/ANXA1/JAML/EDN1/DPEP1/AIF1/PTGER4/SCG2/S100A14/PDGFB/PDE4B/CCN3/CCL25/CCL26/VAV1/PRTN3/RIPOR2/CD300A
BP	GO:0071621	granulocyte chemotaxis	80	-0.55310843035486	-1.87021687226664	4.34765869446862e-05	0.0109627068901501	0.0106919370556245	5087	tags=40%, list=20%, signal=32%	IL17RC/IL34/CCR7/DAPK2/CX3CL1/PIK3CD/THBS1/RAC2/FCER1G/CXCL6/CXCL5/TRPV4/NOD2/EDN3/THBS4/BST1/ITGA1/CMKLR1/C5AR2/CD74/ITGB2/ANXA1/JAML/EDN1/DPEP1/SCG2/S100A14/PDE4B/CCL25/CCL26/VAV1/RIPOR2
CC	GO:0031674	I band	130	-0.488182543178144	-1.78012762222631	4.44340241272709e-05	0.0109627068901501	0.0106919370556245	3632	tags=29%, list=15%, signal=25%	MYOZ1/FBXO32/CASQ1/FHOD3/SLC8A1/SYNC/SLC2A1/JPH1/PARVB/SCN5A/SYNPO/TRIM54/SCN1A/MYZAP/ACTC1/NEBL/FBP2/MYH6/PDLIM2/CACNA1D/UNC45B/XIRP2/SLC4A1/JPH2/PDLIM1/PDLIM3/ASB2/HRC/SYNPO2/KRT19/NRAP/SMTNL1/RYR2/PDE4B/MYL3/CRYAB/MYL9/TTN
BP	GO:0048663	neuron fate commitment	53	0.607733466426413	1.94453294282419	5.45637944898808e-05	0.0130539744696245	0.0127315520476388	3181	tags=47%, list=13%, signal=41%	MYT1L/OLIG3/ASCL1/SOX1/GATA2/PROX1/DBX1/DLL1/NFIA/OLIG2/EYA1/EPOP/POU3F2/WNT1/ISL2/SOX9/DLL4/OLIG1/LMO4/POU4F1/ID2/CDC42/GBX1/BCL11B/FOXN4
BP	GO:0015986	proton motive force-driven ATP synthesis	77	0.549060491572853	1.8741635652502	5.88017383092733e-05	0.0134171386233212	0.0130857463457344	7471	tags=62%, list=30%, signal=44%	MT-ND3/MT-ATP8/ATP5MGL/NDUFB1/NDUFA3/ATP5ME/ATP5F1EP2/NDUFA1/MT-ND4/ATP5MJ/MT-ND4L/MT-ND2/NDUFB4/ATP5IF1/MT-ND1/ATP5MC2/NDUFV2/MT-ND5/NDUFA2/NDUFS5/NDUFB7/NDUFS4/VPS9D1/MT-ATP6/NDUFS6/NDUFB2/ATP5PD/MT-ND6/NDUFA8/NDUFB3/NDUFA7/NDUFA6/ATP5MC3/ATP5MF/NDUFB11/NDUFA12/NDUFS3/ATP5MK/NDUFB10/NDUFV3/ANTKMT/ATP5PF/NDUFAB1/NDUFA5/NDUFA9/ATP5MC1/NDUFB9/NDUFC1
BP	GO:0035282	segmentation	85	0.538843181770138	1.86107356027157	5.94806652078836e-05	0.0134171386233212	0.0130857463457344	3989	tags=32%, list=16%, signal=27%	IRX1/TBX3/IRX2/LEF1/DLL1/GDF3/MESP1/OSR1/ZIC3/LHX1/HES5/MAFB/FOXC1/WNT5A/PCDH8/FOXC2/FOXB1/HES7/SEMA3C/PLXNA2/PLD6/AXIN2/SMAD3/NRARP/TCAP/MYF6/MLLT3
BP	GO:0042776	proton motive force-driven mitochondrial ATP synthesis	68	0.57083596537186	1.91345581715168	7.43246201059522e-05	0.0162998021037915	0.0158972104115509	7471	tags=60%, list=30%, signal=42%	MT-ND3/MT-ATP8/NDUFB1/NDUFA3/ATP5ME/ATP5F1EP2/NDUFA1/MT-ND4/MT-ND4L/MT-ND2/NDUFB4/ATP5IF1/MT-ND1/NDUFV2/MT-ND5/NDUFA2/NDUFS5/NDUFB7/NDUFS4/MT-ATP6/NDUFS6/NDUFB2/ATP5PD/MT-ND6/NDUFA8/NDUFB3/NDUFA7/NDUFA6/ATP5MF/NDUFB11/NDUFA12/NDUFS3/NDUFB10/NDUFV3/ANTKMT/ATP5PF/NDUFAB1/NDUFA5/NDUFA9/NDUFB9/NDUFC1
BP	GO:0045333	cellular respiration	229	0.411246756100104	1.61142844079451	8.97812979317015e-05	0.0191573877613725	0.0186842160560568	7630	tags=41%, list=31%, signal=29%	MTCO2P12/OAS1/MT-ND3/NR4A3/MT-ATP8/UCN/NDUFB1/NDUFA3/ATP5ME/NDP/PINK1/ATP5F1EP2/UQCRFS1P1/SLC25A14/DNAJC15/NDUFA1/CHCHD2/MT-CO2/COX5B/PPARGC1A/MT-CYB/CHCHD10/NUPR1/MT-CO3/MT-ND4/MT-ND4L/MT-ND2/NDUFB4/ATP5IF1/COL6A1/UQCR10/MT-ND1/PRDM16/CBFA2T3/GBA1/COX6B1/COX7B/NDUFV2/MT-ND5/COX6C/NDUFA2/NDUFS5/NDUFB7/NDUFS4/MT-ATP6/NDUFS6/NDUFB2/ETFB/ATP5PD/UQCRB/MT-ND6/NDUFA8/MDH1B/AIFM2/NNT/NDUFB3/NDUFA7/MT-CO1/NDUFA6/CHCHD4/COX7A2/ATP5MF/NDUFB11/NDUFA12/SUCLG1/SLC25A51/NIPSNAP2/UQCRH/COX5A/KGD4/NDUFS3/CISD1/ETFRF1/COX8C/NDUFB10/NDUFV3/COA6/NDUFA4/ANTKMT/ATP5PF/NFATC4/SNCA/NDUFAB1/MLXIPL/PDHA1/CHCHD5/NDUFAF1/NDUFA5/NDUFA9/ACO2/NDUFB9/NDUFC1/IDH3A/COX7C/MTFR1L
CC	GO:0032432	actin filament bundle	89	-0.530692361943582	-1.84582498916592	0.000119600396272499	0.0248485560150362	0.0242348171394273	2796	tags=26%, list=11%, signal=23%	LUZP1/MYH14/TPM1/FHOD1/MYLK/AMOT/MST1R/SYNPO/NEBL/MYH6/PDLIM2/XIRP2/PDLIM1/PDLIM3/ASB2/ABLIM3/VIL1/SYNPO2/FAM107A/CRYAB/MYL9/ACTA1/TEK
MF	GO:0008137	NADH dehydrogenase (ubiquinone) activity	41	0.638126704078858	1.93841067101211	0.000124544330859515	0.0252122433880992	0.0245895217338016	8433	tags=85%, list=34%, signal=57%	MT-ND3/NDUFB1/NDUFA3/NDUFA1/MT-ND4/MT-ND4L/MT-ND2/NDUFB4/MT-ND1/NDUFV2/MT-ND5/NDUFA2/NDUFS5/NDUFB7/NDUFS4/NDUFS6/NDUFB2/MT-ND6/NDUFA8/NDUFB3/NDUFA7/NDUFA6/NDUFA12/NDUFS3/NDUFB10/NDUFV3/NDUFA4/NDUFA5/NDUFA9/NDUFB9/NDUFC1/NDUFB8/NDUFS2/NDUFS8/NDUFC2
MF	GO:0009055	electron transfer activity	109	0.486377832092047	1.7399712831852	0.000151735735728166	0.0292183813066797	0.0284967113440701	6569	tags=47%, list=26%, signal=35%	MTCO2P12/CYBB/MT-ND3/NDUFB1/NDUFA3/UQCRFS1P1/NDUFA1/MT-CO2/COX5B/GPX2/MT-CYB/DMGDH/MT-CO3/MT-ND4/MT-ND4L/MT-ND2/NDUFB4/UQCR10/MT-ND1/COX6B1/COX7B/NDUFV2/MT-ND5/NDUFA2/NDUFS5/NDUFB7/NDUFS4/NDUFS6/NDUFB2/ETFB/MT-ND6/NDUFA8/AIFM2/NDUFB3/HAAO/RDH16/NDUFA7/MT-CO1/NDUFA6/GLRX2/DEGS1/NDUFA12/UQCRH/COX5A/ME1/NDUFS3/AOC2/NDUFB10/NDUFV3/NQO2/NDUFA4
BP	GO:0009142	nucleoside triphosphate biosynthetic process	122	0.465444941238	1.69086340829048	0.000150479332113292	0.0292183813066797	0.0284967113440701	7471	tags=51%, list=30%, signal=36%	MT-ND3/NME9/MT-ATP8/ATP5MGL/NDUFB1/NDUFA3/ATP5ME/PINK1/ATP5F1EP2/ADCY10/NDUFA1/NME5/MT-ND4/ATP5MJ/TGFB1/MT-ND4L/PID1/MT-ND2/NDUFB4/ATP5IF1/MT-ND1/TMSB4X/ATP5MC2/NME2P1/NDUFV2/MT-ND5/NDUFA2/NDUFS5/NDUFB7/NDUFS4/VPS9D1/MT-ATP6/NDUFS6/NDUFB2/ATP5PD/NME6/MT-ND6/NDUFA8/NDUFB3/NDUFA7/CMPK2/NDUFA6/ATP5MC3/UCKL1/ATP5MF/NDUFB11/NDUFA12/AK1/NDUFS3/ATP5MK/NDUFB10/NDUFV3/NME4/ANTKMT/TYMS/ATP5PF/NDUFAB1/NDUFA5/NDUFA9/ATP5MC1/NDUFB9/NDUFC1
BP	GO:0002920	regulation of humoral immune response	26	-0.696065872702067	-1.8789071020185	0.000164901509452082	0.030997557550576	0.0302319433995485	3060	tags=46%, list=12%, signal=41%	FOXJ1/NOD2/EVPL/A2M/C3/SPNS2/CR2/SPINK5/KLK7/SUSD4/ZP3/KLK5
BP	GO:0048665	neuron fate specification	26	0.695626298264333	1.90294326655165	0.000192079013533397	0.0352557601423738	0.0343849718931321	2422	tags=50%, list=10%, signal=45%	MYT1L/OLIG3/ASCL1/SOX1/DBX1/DLL1/NFIA/EYA1/POU3F2/ISL2/SOX9/LMO4/POU4F1
BP	GO:0035107	appendage morphogenesis	127	0.466309827994629	1.70673747625152	0.000205416715205724	0.0352557601423738	0.0343849718931321	3837	tags=23%, list=15%, signal=19%	TBX5/TBX3/SP9/LEF1/SP8/NFIA/FGF10/TP63/OSR1/ZIC3/WNT7A/WNT3/WNT5A/SEMA3C/SOX9/ZBTB16/PLXNA2/MSX2/RDH10/TGFB2/FGF8/LRP4/CRABP2/FGF9/BMP7/PBX1/COL6A1/CHST11/FBN2
BP	GO:0035108	limb morphogenesis	127	0.466309827994629	1.70673747625152	0.000205416715205724	0.0352557601423738	0.0343849718931321	3837	tags=23%, list=15%, signal=19%	TBX5/TBX3/SP9/LEF1/SP8/NFIA/FGF10/TP63/OSR1/ZIC3/WNT7A/WNT3/WNT5A/SEMA3C/SOX9/ZBTB16/PLXNA2/MSX2/RDH10/TGFB2/FGF8/LRP4/CRABP2/FGF9/BMP7/PBX1/COL6A1/CHST11/FBN2
CC	GO:0062023	collagen-containing extracellular matrix	336	-0.371941159370574	-1.50580636138945	0.000196735418133005	0.0352557601423738	0.0343849718931321	4856	tags=33%, list=19%, signal=27%	MEGF9/HAPLN1/EMILIN3/COL9A1/MMRN2/PKM/COL26A1/THSD4/CSPG4/COL23A1/A1BG/ANXA6/BCAM/COL4A4/AGRN/HPX/SERPINE2/SERPINE1/CTSH/THBS1/COL11A1/SBSPON/COL9A3/MATN1/ADAMTS8/LMAN1/LAMB2/SPARC/HSPG2/TNXB/MMP28/ADAMTSL4/ANXA2P2/GPC4/TINAGL1/SDC2/COLEC12/ADAMTS15/COL21A1/COL12A1/VWF/SPOCK1/COL2A1/TGFBI/LAMA3/ANXA2/COL28A1/ADAMTS4/COL18A1/HAPLN3/CTSZ/SMOC1/ITGB4/THBS4/COL6A6/AGT/CFP/LAMC3/A2M/CCDC80/COLQ/SERPINA5/MATN3/SERPINF2/AHSG/GREM1/TGM2/CTHRC1/COL14A1/MMP9/ENTPD2/ADAMTS20/PRELP/LAD1/ANXA8/SFRP1/PODNL1/ITIH5/COL6A3/BCAN/MFAP5/F7/PCOLCE/WNT2B/VWA2/ANXA1/COL5A2/CLC/BGN/COL8A2/CDH13/COL15A1/ANGPT4/LEFTY2/IMPG1/PDGFB/MATN4/SPN/CCN3/LAMB3/CCN1/COL1A1/AZGP1/SOST/ZP3/LRRC15/TNC/PRTN3/F13A1/S100A6/CCN2
CC	GO:0001725	stress fiber	80	-0.522253491945508	-1.76588755230148	0.000275030779268205	0.0452368333817183	0.0441195208409412	4432	tags=26%, list=18%, signal=22%	LUZP1/MYH14/TPM1/FHOD1/MYLK/AMOT/MST1R/SYNPO/NEBL/MYH6/PDLIM2/XIRP2/PDLIM1/PDLIM3/ASB2/ABLIM3/SYNPO2/FAM107A/MYL9/ACTA1/TEK
CC	GO:0097517	contractile actin filament bundle	80	-0.522253491945508	-1.76588755230148	0.000275030779268205	0.0452368333817183	0.0441195208409412	4432	tags=26%, list=18%, signal=22%	LUZP1/MYH14/TPM1/FHOD1/MYLK/AMOT/MST1R/SYNPO/NEBL/MYH6/PDLIM2/XIRP2/PDLIM1/PDLIM3/ASB2/ABLIM3/SYNPO2/FAM107A/MYL9/ACTA1/TEK
BP	GO:0009954	proximal/distal pattern formation	24	0.710991718538527	1.91634877058352	0.000295728539652979	0.046158236763586	0.0450181663178736	1127	tags=38%, list=5%, signal=36%	IRX1/IRX2/DLL1/NODAL/SP8/FGF10/TP63/OSR1/HES5
MF	GO:0072341	modified amino acid binding	77	-0.526198142945572	-1.77372726405506	0.000298172270417085	0.046158236763586	0.0450181663178736	5312	tags=38%, list=21%, signal=30%	TLN1/APPL1/GNMT/DHFRP1/DHFR/GPR143/ANXA6/PLCD1/FTCD/THBS1/ANXA2P2/SCIN/ANXA3/CBS/PTGES/ANXA2/SYT5/SYT9/PLEKHN1/ANXA8/MME/JPH2/ANXA1/DPEP1/SYTL2/GSDMD/FOLR1/GSTM1/CD300A
BP	GO:0009952	anterior/posterior pattern specification	170	0.422477261910796	1.58967888868302	0.000289678558101019	0.046158236763586	0.0450181663178736	3461	tags=28%, list=14%, signal=24%	HOXC4/WNT8A/TSHZ1/HOXB1/TBX3/LEF1/DLL1/NODAL/GDF3/TBX1/MESP1/HES4/HOXC13/OSR1/NR2F2/ZIC3/LHX1/HES5/DDIT3/HES2/WNT3/FOXC1/WNT5A/PCDH8/FOXC2/FOXB1/WNT1/HES7/GATA4/SEMA3C/HES3/ZBTB16/PLXNA2/PLD6/HEY2/WLS/ETS2/GBX2/HHEX/AXIN2/MSX2/FGF8/PBX3/SMAD3/NRARP/PBX1/TCAP
